{
    "name": "Astral Projection",
    "description": "Your soul is only loosely attached to your body. By using your active ability, you can project yourself a short distance away from your body. This allows you to fly, phase through blocks, and have some interaction with the world... but you must return to your body if it is damaged, you run out of energy, or if you want to move again.",
    "type": "origins:multiple",
    "projection": {
        "type": "origins:active_self",
        "entity_action": {
            "type": "origins:if_else_list",
            "actions": [
                {
                    "condition": {
                        "type": "origins:dimension",
                        "dimension": "minecraft:overworld"
                    },
                    "action": {
                        "type": "origins:and",
                        "actions": [
                            {
                                "type": "origins:execute_command",
                                "command": "function jorigins:astralstart",
                                "permission_level": 4
                            }
                        ]
                    }
                },
                {
                    "condition": {
                        "type": "origins:dimension",
                        "dimension": "minecraft:the_nether"
                    },
                    "action": {
                        "type": "origins:and",
                        "actions": [
                            {
                                "type": "origins:execute_command",
                                "command": "function jorigins:astralstart",
                                "permission_level": 4
                            }
                        ]
                    }
                },
                {
                    "condition": {
                        "type": "origins:dimension",
                        "dimension": "minecraft:the_end"
                    },
                    "action": {
                        "type": "origins:and",
                        "actions": [
                            {
                                "type": "origins:execute_command",
                                "command": "function jorigins:astralstart",
                                "permission_level": 4
                            }
                        ]
                    }
                }
            ]
        },
        "cooldown": 40,
        "hud_render": {
            "should_render": false
        },
        "key": {
            "key": "key.origins.primary_active"
        }
    }
}