{
	"name": "Reform",
	"description": "You can reshape some bodies into a suitable host",
	"type": "origins:multiple",
	"zombie": {
		"type": "origins:action_on_entity_use",
		"bientity_action": {
			"type": "origins:and",
			"actions": [
				{
					"type": "origins:target_action",
					"action": {
						"type": "origins:execute_command",
						"command": "kill @s"
					}
				},
				{
					"type": "origins:target_action",
					"action": {
						"type": "origins:execute_command",
						"command": "particle dust_plume ~ ~0.5 ~ 0.3 0.3 0.3 0.009 4 normal @a"
					}
				},
				{
					"type": "origins:actor_action",
					"action": {
						"type": "origins:execute_command",
						"command": "function jorigins:reform"
					}
				}
			]
		},
		"bientity_condition": {
			"type": "origins:target_condition",
			"condition": {
				"type": "origins:or",
				"conditions": [
					{
						"type": "origins:entity_type",
						"entity_type": "minecraft:zombie"
					},
					{
						"type": "origins:entity_type",
						"entity_type": "minecraft:zombie_villager"
					},
					{
						"type": "origins:entity_type",
						"entity_type": "minecraft:drowned"
					},
					{
						"type": "origins:entity_type",
						"entity_type": "minecraft:husk"
					},
					{
						"type": "origins:entity_type",
						"entity_type": "minecraft:zombified_piglin"
					}
				]
			}
		},
		"item_condition": {
			"type": "origins:empty"
		},
		"hands": [
			"main_hand"
		]
	},
	"revert": {
		"type": "origins:action_on_death",
		"bientity_action": {
			"type": "origins:target_action",
			"action": [
				{
					"type": "origins:execute_command",
					"command": "origin set @s origins:origin jorigins:basevessel"
				}
			]
		}
	}
}