{
    "display": {
        "icon": {
            "id": "minecraft:golden_apple"
        }, 
        "title": "It's Alive!",
        "description": "Cure your zombification using a golden apple and potion of weakness",
        "frame": "challenge",
        "show_toast": true,
        "announce_to_chat": true,
        "hidden": false
    },
    "criteria": {
        "command": {
            "trigger": "minecraft:impossible"
        }
    },
    "rewards": {
        "experience": 10
    },
    "parent": "jorigins:root"
}