{
    "display": {
        "icon": {
            "id": "minecraft:zombie_head"
        },        
        "title": "Friendly Fire",
        "description": "Kill another zombie",
        "frame": "task",
        "show_toast": true,
        "announce_to_chat": true,
        "hidden": false
    },
    "criteria": {
        "killzombie": {
            "trigger": "minecraft:player_killed_entity",
            "conditions": {
                "entity": {
                    "type": "minecraft:zombie"
                }
            }
        }
    },
    "rewards": {
        "experience": 5
    },
    "parent": "jorigins:root"
}