{
    "name": "Cureable",
    "description": "You can revoke your zombie side...",
    "type": "origins:multiple",
    "grantcure":{
            "type": "origins:edible_item",
            "item_condition": {
                "type": "origins:ingredient",
                "ingredient": {
                    "item": "minecraft:golden_apple"
                }
            },
            "food_component": {
                "nutrition": 4.0,
                "saturation": 0.4,
                "eat_seconds": 2.8,
                "can_always_eat": true
            },
            "priority": 5,
            "use_action": "eat",
            "entity_action": {
                "type": "origins:and",
                "actions": [
                    {
                        "type": "origins:execute_command",
                        "command": "origin set @s origins:origin jorigins:curedvessel"
                    },
                    {
                        "type": "origins:play_sound",
                        "sound": "minecraft:entity.zombie_villager.converted"
                    },
                    {
                        "type": "origins:execute_command",
                        "command": "power grant @s jorigins:zombify"
                    },
                    {
                        "type": "origins:grant_advancement",
                        "advancement": "jorigins:alive"
                    }
                ]
            },
            "condition": {
                "type": "origins:status_effect",
                "effect": "minecraft:weakness"
            }
    }
}