{
    "name": "MiningBuff",
    "description": "MoreTestPowers",
    "type": "origins:multiple",
    "minecartboost": {
        "type": "origins:active_self",
        "entity_action": {
            "type": "origins:riding_action",
            "action": {
                "type": "origins:add_velocity",
                "space": "local",
                "z": 5
            }
        },
        "condition": {
            "type": "origins:riding",
            "bientity_condition": {
                "type": "origins:target_condition",
                "condition": {
                    "type": "origins:entity_type",
                    "entity_type": "minecraft:minecart"
                }
            }
        },
        "key": {
            "key": "key.sprint",
            "continuous": true
        },
        "cooldown": 20,
        "hud_render": {
            "should_render": false
        }
    },
    "minecartbrake": {
        "type": "origins:active_self",
        "entity_action": {
            "type": "origins:riding_action",
            "action": {
                "type": "origins:add_velocity",
                "space": "local",
                "z": 0,
                "x": 0,
                "set": true
            }
        },
        "condition": {
            "type": "origins:riding",
            "bientity_condition": {
                "type": "origins:target_condition",
                "condition": {
                    "type": "origins:entity_type",
                    "entity_type": "minecraft:minecart"
                }
            }
        },
        "key": {
            "key": "key.jump",
            "continuous": true
        },
        "cooldown": 20,
        "hud_render": {
            "should_render": false
        }
    },
    "ridefurnaceminecart": {
        "type": "origins:action_on_entity_use",
        "bientity_action": {
            "type": "origins:mount"
        },
        "bientity_condition": {
            "type": "origins:target_condition",
            "condition": {
                "type": "origins:entity_type",
                "entity_type": "minecraft:furnace_minecart"
            }
        },
        "item_condition": {
            "type": "origins:empty"
        },
        "hands": [
            "main_hand"
        ]
    }
}