{
    "name": "Outcast",
    "description": "As an undead, you are not welcome among villager communities. Hiding your face with a pumpkin can bypass this.",
    "type": "origins:multiple",
    "test": {
    "type": "origins:prevent_entity_use",
    "bientity_action": {
      "type": "origins:choice",
      "actions": [
        {
          "element": {
            "type": "origins:actor_action",
            "action": {
              "type": "origins:execute_command",
              "command": "title @s actionbar {\"text\": \"The Villager refuses to speak...\", \"color\": \"white\"}"
            }
          },
          "weight": 50
        },
        {
          "element": {
            "type": "origins:actor_action",
            "action": {
              "type": "origins:execute_command",
              "command": "title @s actionbar {\"text\": \"...\", \"color\": \"white\"}"
            }
          },
          "weight": 50
        },
        {
          "element": {
            "type": "origins:actor_action",
            "action": {
              "type": "origins:execute_command",
              "command": "title @s actionbar {\"text\": \"You are being ignored...\", \"color\": \"white\"}"
            }
          },
          "weight": 50
        },
        {
          "element": {
            "type": "origins:actor_action",
            "action": {
              "type": "origins:execute_command",
              "command": "title @s actionbar {\"text\": \"Bite them...\", \"color\": \"red\"}"
            }
          },
          "weight": 10
        },
        {
          "element": {
            "type": "origins:actor_action",
            "action": {
              "type": "origins:execute_command",
              "command": "title @s actionbar {\"text\": \"Kill it...\", \"color\": \"red\"}"
            }
          },
          "weight": 10
        }
      ]
    },
    "bientity_condition": {
      "type": "origins:and",
    "conditions": [
        {
            "type": "origins:target_condition",
            "condition": {
            "type": "origins:entity_type",
            "entity_type": "minecraft:villager"
           }
        },
        {      
            "type": "origins:actor_condition",
            "condition": {
              "type": "origins:equipped_item",
              "equipment_slot": "head",
              "item_condition": {
                "type": "origins:ingredient",
                "ingredient": {
                  "item": "minecraft:carved_pumpkin"
                }
              }
            },
            "inverted": true
        }
      ]
    }
  },
  "iron_golem": {
        "type": "origins:action_over_time",
        "interval": 10,
        "entity_action": {
            "type": "origins:and",
            "actions": [
                {
                    "type": "origins:execute_command",
                    "command": "execute at @s as @e[type=minecraft:iron_golem,distance=..10] run data modify entity @s AngryAt set from entity @p UUID",
                    "permission_level": 2
                },
                {
                    "type": "origins:execute_command",
                    "command": "execute at @s as @e[type=minecraft:iron_golem,distance=..10] run data modify entity @s AngerTime set value 60",
                    "permission_level": 2
                }
            ]
        },
        "condition": {
              "type": "origins:equipped_item",
              "equipment_slot": "head",
              "item_condition": {
                "type": "origins:ingredient",
                "ingredient": {
                  "item": "minecraft:carved_pumpkin"
                }
              },
              "inverted": true
            }
            
        
    },
    "iron_golem_no": {
        "type": "origins:action_over_time",
        "interval": 10,
        "entity_action": {
            "type": "origins:and",
            "actions": [
                {
                    "type": "origins:execute_command",
                    "command": "execute at @s as @e[type=minecraft:iron_golem,distance=10..20] run data modify entity @s AngryAt set from entity @s UUID",
                    "permission_level": 2
                },
                {
                    "type": "origins:execute_command",
                    "command": "execute at @s as @e[type=minecraft:iron_golem,distance=10..20] run data modify entity @s AngerTime set value 0",
                    "permission_level": 2
                }
            ]
        }
    }
  }