{
    "name": "Test Powers",
    "description": "Powers in Development Phase",
    "type": "origins:multiple",
    "bonetostonepick":{
    "type": "origins:recipe",
    "recipe":
    {
        "id": "jorigins:vessel/headcraft",
        "type": "minecraft:crafting_shaped",
        "pattern": [
        "&&&",
        " $ ",
        " $ "
        ],
        "key":{
            "&":{
                "tag": "minecraft:stone_tool_materials"
            },
            "$":{
                "item": "minecraft:bone"
            }
        },
        "result": {
            "id": "minecraft:stone_pickaxe",
            "count": 1
        }
        }
    },
    "minefaster": {
        "type": "origins:modify_break_speed",
        "block_condition": {
            "type": "origins:in_tag",
            "tag": "minecraft:base_stone_overworld"
        },
        "modifier": {
            "operation": "multiply_base_additive",
            "amount": 0.5
        }
    },
    "cobblestone":{
        "type": "origins:modify_harvest",
        "block_condition": {
            "type": "origins:block",
            "block": "minecraft:stone"
        },
        "allow": true
    },
  "ribcage":{
        "type": "origins:inventory",
        "container_type": "generic_9x4",
        "drop_on_death": true,
        "key": {
            "key": "key.hotbar.9"
        }
  },
  "spoiledfood_inventory":{
    "type": "origins:action_on_wake_up",
    "entity_action": {
        "type": "origins:modify_inventory",
        "entity_action": {
            "type": "origins:give",
            "stack": {
                "id": "minecraft:rotten_flesh",
                "amount": 1
            }
        },
        "item_action": {
            "type": "origins:consume",
            "amount": 1
        },
        "item_condition": {
            "type": "origins:ingredient",
            "ingredient": {
                "tag": "jorigins:spoilable"
            }
        }
    }
  }
}