{
	"powers": [
		"jorigins:vessel",
		"jorigins:soul/astral",
		"jorigins:sunlight",
		"jorigins:vesselhealth",
		"jorigins:nonaquatic",
		"jorigins:outcast",
		"jorigins:cureable",
		"jorigins:passivezombie",
		"jorigins:scraps",
		"jorigins:testpowers",
		"jorigins:spawnpoint"
		],
	"icon": {
		"id": "minecraft:brown_mushroom"
	},
	"order": 12,
	"impact": 2,
	"unchoosable": false,
	"name": "Vessel",
	"description": "A Soul returned to the mortal plane, you inhabit a zombified body stitched together with a colony of mushrooms."
}